season,week,game_id,team,expected_qb_id,actual_qb_id,match
2024,1,2024_01_PIT_ATL,ATL,00-0029604,00-0029604,True
2024,1,2024_01_ARI_BUF,BUF,00-0034857,00-0034857,True
2024,1,2024_01_TEN_CHI,CHI,00-0039918,00-0039918,True
2024,1,2024_01_NE_CIN,CIN,00-0036442,00-0036442,True
2024,1,2024_01_BAL_KC,BAL,00-0034796,00-0034796,True
2024,1,2024_01_DAL_CLE,DAL,00-0033077,00-0033077,True
2024,1,2024_01_DEN_SEA,DEN,00-0039732,00-0039732,True
2024,1,2024_01_LA_DET,DET,00-0033106,00-0033106,True
2024,1,2024_01_GB_PHI,GB,00-0036264,00-0036264,True
2024,1,2024_01_TEN_CHI,TEN,00-0039152,00-0039152,True
2024,1,2024_01_HOU_IND,IND,00-0039164,00-0039164,True
2024,1,2024_01_BAL_KC,KC,00-0033873,00-0033873,True
2024,1,2024_01_LV_LAC,LV,00-0035289,00-0035289,True
2024,1,2024_01_LA_DET,LA,00-0026498,00-0026498,True
2024,1,2024_01_JAX_MIA,MIA,00-0036212,00-0036212,True
2024,1,2024_01_MIN_NYG,MIN,00-0034869,00-0034869,True
2024,1,2024_01_NE_CIN,NE,00-0033119,00-0033119,True
2024,1,2024_01_CAR_NO,NO,00-0031280,00-0031280,True
2024,1,2024_01_MIN_NYG,NYG,00-0035710,00-0035710,True
2024,1,2024_01_NYJ_SF,NYJ,00-0023459,00-0023459,True
2024,1,2024_01_GB_PHI,PHI,00-0036389,00-0036389,True
2024,1,2024_01_ARI_BUF,ARI,00-0035228,00-0035228,True
2024,1,2024_01_PIT_ATL,PIT,00-0036945,00-0036945,True
2024,1,2024_01_LV_LAC,LAC,00-0036355,00-0036355,True
2024,1,2024_01_NYJ_SF,SF,00-0037834,00-0037834,True
2024,1,2024_01_DEN_SEA,SEA,00-0030565,00-0030565,True
2024,1,2024_01_WAS_TB,TB,00-0034855,00-0034855,True
2024,1,2024_01_WAS_TB,WAS,00-0039910,00-0039910,True
2024,1,2024_01_CAR_NO,CAR,00-0039150,00-0039150,True
2024,1,2024_01_JAX_MIA,JAX,00-0036971,00-0036971,True
2024,1,2024_01_DAL_CLE,CLE,00-0033537,00-0033537,True
2024,1,2024_01_HOU_IND,HOU,00-0039163,00-0039163,True
2024,2,2024_02_ATL_PHI,ATL,00-0029604,00-0029604,True
2024,2,2024_02_BUF_MIA,BUF,00-0034857,00-0034857,True
2024,2,2024_02_CHI_HOU,CHI,00-0039918,00-0039918,True
2024,2,2024_02_CIN_KC,CIN,00-0036442,00-0036442,True
2024,2,2024_02_LV_BAL,BAL,00-0034796,00-0034796,True
2024,2,2024_02_NO_DAL,DAL,00-0033077,00-0033077,True
2024,2,2024_02_PIT_DEN,DEN,00-0039732,00-0039732,True
2024,2,2024_02_TB_DET,DET,00-0033106,00-0033106,True
2024,2,2024_02_IND_GB,GB,00-0036264,00-0038128,False
2024,2,2024_02_NYJ_TEN,TEN,00-0039152,00-0039152,True
2024,2,2024_02_IND_GB,IND,00-0039164,00-0039164,True
2024,2,2024_02_CIN_KC,KC,00-0033873,00-0033873,True
2024,2,2024_02_LV_BAL,LV,00-0035289,00-0035289,True
2024,2,2024_02_LA_ARI,LA,00-0026498,00-0026498,True
2024,2,2024_02_BUF_MIA,MIA,00-0036212,00-0036212,True
2024,2,2024_02_SF_MIN,MIN,00-0034869,00-0034869,True
2024,2,2024_02_SEA_NE,NE,00-0033119,00-0033119,True
2024,2,2024_02_NO_DAL,NO,00-0031280,00-0031280,True
2024,2,2024_02_NYG_WAS,NYG,00-0035710,00-0035710,True
2024,2,2024_02_NYJ_TEN,NYJ,00-0023459,00-0023459,True
2024,2,2024_02_ATL_PHI,PHI,00-0036389,00-0036389,True
2024,2,2024_02_LA_ARI,ARI,00-0035228,00-0035228,True
2024,2,2024_02_PIT_DEN,PIT,00-0036945,00-0036945,True
2024,2,2024_02_LAC_CAR,LAC,00-0036355,00-0036355,True
2024,2,2024_02_SF_MIN,SF,00-0037834,00-0037834,True
2024,2,2024_02_SEA_NE,SEA,00-0030565,00-0030565,True
2024,2,2024_02_TB_DET,TB,00-0034855,00-0034855,True
2024,2,2024_02_NYG_WAS,WAS,00-0039910,00-0039910,True
2024,2,2024_02_LAC_CAR,CAR,00-0039150,00-0039150,True
2024,2,2024_02_CLE_JAX,JAX,00-0036971,00-0036971,True
2024,2,2024_02_CLE_JAX,CLE,00-0033537,00-0033537,True
2024,2,2024_02_CHI_HOU,HOU,00-0039163,00-0039163,True
2024,3,2024_03_KC_ATL,ATL,00-0029604,00-0029604,True
2024,3,2024_03_JAX_BUF,BUF,00-0034857,00-0034857,True
2024,3,2024_03_CHI_IND,CHI,00-0039918,00-0039918,True
2024,3,2024_03_WAS_CIN,CIN,00-0036442,00-0036442,True
2024,3,2024_03_BAL_DAL,BAL,00-0034796,00-0034796,True
2024,3,2024_03_BAL_DAL,DAL,00-0033077,00-0033077,True
2024,3,2024_03_DEN_TB,DEN,00-0039732,00-0039732,True
2024,3,2024_03_DET_ARI,DET,00-0033106,00-0033106,True
2024,3,2024_03_GB_TEN,GB,00-0036264,00-0038128,False
2024,3,2024_03_GB_TEN,TEN,00-0039152,00-0039152,True
2024,3,2024_03_CHI_IND,IND,00-0039164,00-0039164,True
2024,3,2024_03_KC_ATL,KC,00-0033873,00-0033873,True
2024,3,2024_03_CAR_LV,LV,00-0035289,00-0035289,True
2024,3,2024_03_SF_LA,LA,00-0026498,00-0026498,True
2024,3,2024_03_MIA_SEA,MIA,00-0036212,00-0037327,False
2024,3,2024_03_HOU_MIN,MIN,00-0034869,00-0034869,True
2024,3,2024_03_NE_NYJ,NE,00-0033119,00-0033119,True
2024,3,2024_03_PHI_NO,NO,00-0031280,00-0031280,True
2024,3,2024_03_NYG_CLE,NYG,00-0035710,00-0035710,True
2024,3,2024_03_NE_NYJ,NYJ,00-0023459,00-0023459,True
2024,3,2024_03_PHI_NO,PHI,00-0036389,00-0036389,True
2024,3,2024_03_DET_ARI,ARI,00-0035228,00-0035228,True
2024,3,2024_03_LAC_PIT,PIT,00-0029263,00-0036945,False
2024,3,2024_03_LAC_PIT,LAC,00-0036355,00-0036355,True
2024,3,2024_03_SF_LA,SF,00-0037834,00-0037834,True
2024,3,2024_03_MIA_SEA,SEA,00-0030565,00-0030565,True
2024,3,2024_03_DEN_TB,TB,00-0034855,00-0034855,True
2024,3,2024_03_WAS_CIN,WAS,00-0039910,00-0039910,True
2024,3,2024_03_CAR_LV,CAR,00-0039150,00-0027973,False
2024,3,2024_03_JAX_BUF,JAX,00-0036971,00-0036971,True
2024,3,2024_03_NYG_CLE,CLE,00-0033537,00-0033537,True
2024,3,2024_03_HOU_MIN,HOU,00-0039163,00-0039163,True
2024,4,2024_04_NO_ATL,ATL,00-0029604,00-0029604,True
2024,4,2024_04_BUF_BAL,BUF,00-0034857,00-0034857,True
2024,4,2024_04_LA_CHI,CHI,00-0039918,00-0039918,True
2024,4,2024_04_CIN_CAR,CIN,00-0036442,00-0036442,True
2024,4,2024_04_BUF_BAL,BAL,00-0034796,00-0034796,True
2024,4,2024_04_DAL_NYG,DAL,00-0033077,00-0033077,True
2024,4,2024_04_DEN_NYJ,DEN,00-0039732,00-0039732,True
2024,4,2024_04_SEA_DET,DET,00-0033106,00-0033106,True
2024,4,2024_04_MIN_GB,GB,00-0036264,00-0036264,True
2024,4,2024_04_TEN_MIA,TEN,00-0039152,00-0034771,False
2024,4,2024_04_PIT_IND,IND,00-0039164,00-0026158,False
2024,4,2024_04_KC_LAC,KC,00-0033873,00-0033873,True
2024,4,2024_04_CLE_LV,LV,00-0035289,00-0035289,True
2024,4,2024_04_LA_CHI,LA,00-0026498,00-0026498,True
2024,4,2024_04_TEN_MIA,MIA,00-0037327,00-0035993,False
2024,4,2024_04_MIN_GB,MIN,00-0034869,00-0034869,True
2024,4,2024_04_NE_SF,NE,00-0033119,00-0033119,True
2024,4,2024_04_NO_ATL,NO,00-0031280,00-0031280,True
2024,4,2024_04_DAL_NYG,NYG,00-0035710,00-0035710,True
2024,4,2024_04_DEN_NYJ,NYJ,00-0023459,00-0023459,True
2024,4,2024_04_PHI_TB,PHI,00-0036389,00-0036389,True
2024,4,2024_04_WAS_ARI,ARI,00-0035228,00-0035228,True
2024,4,2024_04_PIT_IND,PIT,00-0029263,00-0036945,False
2024,4,2024_04_KC_LAC,LAC,00-0036355,00-0036355,True
2024,4,2024_04_NE_SF,SF,00-0037834,00-0037834,True
2024,4,2024_04_SEA_DET,SEA,00-0030565,00-0030565,True
2024,4,2024_04_PHI_TB,TB,00-0034855,00-0034855,True
2024,4,2024_04_WAS_ARI,WAS,00-0039910,00-0039910,True
2024,4,2024_04_CIN_CAR,CAR,00-0039150,00-0027973,False
2024,4,2024_04_JAX_HOU,JAX,00-0036971,00-0036971,True
2024,4,2024_04_CLE_LV,CLE,00-0033537,00-0033537,True
2024,4,2024_04_JAX_HOU,HOU,00-0039163,00-0039163,True
